,code,word
6,11121,ablaze
16,11135,absentee
18,11141,absinthe
24,11151,accent
26,11153,acclimatealskedhf
28,11155,account
31,11162,accustom
32,11163,acetone
34,11165,aching
40,11215,acrobat
43,11222,action
45,11224,activator
46,11225,active
48,11231,activist
49,11232,activity
54,11241,aeration
55,11242,aerobics
57,11244,aerospace
60,11251,affected
65,11256,affirm
70,11265,affront
71,11266,aflame
81,11324,aged
83,11326,agency
84,11331,agenda
91,11342,agnostic
92,11343,agonize
93,11344,agonizing
94,11345,agony
97,11352,agreed
98,11353,agreeing
102,11361,ahoy
103,11362,aide
104,11363,aids
115,11422,alibi
116,11423,alienable
117,11424,alienate
118,11425,aliens
120,11431,alive
121,11432,alkaline
126,11441,aloe
128,11443,aloha
131,11446,aloof
132,11451,alphabet
143,11466,amber
144,11511,ambiance
154,11525,amenity
155,11526,amiable
157,11532,amid
160,11535,amiss
162,11541,ammonium
175,11562,amused
176,11563,amusement
179,11566,anaconda
180,11611,anaerobic
182,11613,anatomist
185,11616,anchovy
192,11631,angelfish
198,11641,angling
203,11646,animal
206,11653,animation
208,11655,anime
211,11662,annex
214,11665,annoying
216,12111,annuity
220,12115,antacid
222,12121,anteater
228,12131,antibody
235,12142,antirust
236,12143,antitoxic
239,12146,antivirus
241,12152,antonym
242,12153,antsy
243,12154,anvil
244,12155,anybody
250,12165,anytime
258,12221,appease
262,12225,appetite
279,12254,april
283,12262,aqua
287,12266,ardently
289,12312,arena
292,12315,argue
293,12316,arise
297,12324,armed
299,12326,armhole
300,12331,arming
301,12332,armless
303,12334,armored
304,12335,armory
306,12341,army
307,12342,aroma
308,12343,arose
311,12346,arrange
316,12355,arrogance
317,12356,arrogant
322,12365,ascent
325,12412,ashen
326,12413,ashes
331,12422,asparagus
334,12425,aspire
337,12432,astound
338,12433,astride
339,12434,astrology
348,12451,atrium
350,12453,atrophy
354,12461,attendant
358,12465,attest
361,12512,attitude
365,12516,auction
368,12523,audible
374,12533,august
377,12536,autism
383,12546,autopilot
386,12553,avatar
398,12613,awaken
401,12616,awhile
402,12621,awkward
407,12626,babble
418,12645,backfire
421,12652,backlands
422,12653,backlash
428,12663,backpedal
431,12666,backshift
439,13122,backtrack
440,13123,backup
447,13134,bacterium
448,13135,badass
453,13144,baffle
454,13145,baffling
455,13146,bagel
457,13152,baggage
471,13214,balcony
483,13234,banking
485,13236,bankroll
486,13241,banner
490,13245,barbecue
500,13263,barmaid
501,13264,barman
509,13316,barrier
511,13322,bartender
513,13324,bash
514,13325,basically
518,13333,basis
519,13334,basket
533,13356,blabber
535,13362,blade
536,13363,blah
538,13365,blaming
539,13366,blanching
540,13411,blandness
545,13416,blatancy
555,13434,blighted
559,13442,blinker
560,13443,blinking
567,13454,bloating
569,13456,blog
573,13464,blot
575,13466,blubber
576,13511,bluff
579,13514,blunt
585,13524,blustery
586,13525,boaster
587,13526,boastful
589,13532,boat
596,13543,bodacious
597,13544,body
599,13546,boggle
603,13554,bolster
605,13556,bonanza
609,13564,boned
614,13613,bonfire
619,13622,boogeyman
620,13623,boogieman
621,13624,book
625,13632,bootie
626,13633,booting
634,13645,borrower
638,13653,botanist
639,13654,botany
640,13655,botch
642,13661,bottle
646,13665,bouncing
648,14111,bounding
649,14112,boundless
653,14116,boxer
656,14123,boxy
660,14131,breeching
671,14146,bride
673,14152,brigade
676,14155,brim
677,14156,bring
681,14164,briskness
683,14166,brittle
684,14211,broadband
689,14216,broadside
690,14221,broadways
691,14222,broiler
694,14225,broker
700,14235,broom
701,14236,brought
708,14251,brunette
711,14254,brussels
713,14256,brutishly
718,14265,bucked
721,14312,buckshot
723,14314,bucktooth
724,14315,buckwheat
726,14321,buddhist
731,14326,buffed
733,14332,buffing
737,14336,bulge
738,14341,bulginess
739,14342,bulgur
740,14343,bulk
742,14345,bulldozer
750,14361,bullseye
757,14412,bunkbed
758,14413,bunkhouse
760,14415,bunny
761,14416,bunt
764,14423,busily
765,14424,busload
767,14426,busybody
769,14432,cabana
775,14442,cache
777,14444,cacti
788,14463,calamity
794,14513,calm
802,14525,camper
809,14536,cancel
813,14544,cane
815,14546,canister
819,14554,cannon
820,14555,cannot
827,14566,capable
829,14612,capacity
830,14613,cape
832,14615,capital
834,14621,capped
835,14622,capricorn
837,14624,capsule
842,14633,capture
843,14634,caramel
844,14635,carat
849,14644,cardiac
854,14653,caregiver
855,14654,careless
861,14664,carload
863,14666,carnage
864,15111,carnation
867,15114,carol
871,15122,carport
874,15125,carrousel
876,15131,cartel
879,15134,cartoon
881,15136,cartwheel
888,15151,casing
889,15152,casino
894,15161,catacomb
895,15162,catalog
896,15163,catalyst
897,15164,catalyze
898,15165,catapult
899,15166,cataract
902,15213,catchable
905,15216,catchy
908,15223,catfight
910,15225,cathedral
911,15226,cathouse
916,15235,cattail
919,15242,catty
922,15245,caucus
923,15246,causal
925,15252,cause
930,15261,cavalier
931,15262,cavalry
932,15263,caviar
933,15264,cavity
936,15311,celestial
937,15312,celibacy
941,15316,census
945,15324,certainty
957,15344,chamomile
961,15352,channel
962,15353,chant
965,15356,chaplain
969,15364,character
972,15411,charger
973,15412,charging
975,15414,charity
976,15415,charm
985,15432,chatroom
988,15435,chatty
990,15441,cheddar
993,15444,cheese
999,15454,cherisher
1004,15463,chevy
1007,15466,chewing
1009,15512,chief
1012,15515,childhood
1020,15531,chirping
1024,15535,chive
1028,15543,chokehold
1035,15554,chosen
1038,15561,chrome
1039,15562,chubby
1041,15564,chug
1043,15566,chump
1044,15611,chunk
1046,15613,chute
1050,15621,cinema
1051,15622,cinnamon
1054,15625,circular
1058,15633,citadel
1060,15635,citizen
1061,15636,citric
1062,15641,citrus
1063,15642,city
1067,15646,claim
1068,15651,clambake
1073,15656,clang
1076,15663,clapper
1080,16111,clarity
1082,16113,clasp
1083,16114,class
1084,16115,clatter
1085,16116,clause
1086,16121,clavicle
1090,16125,clear
1092,16131,cleaver
1095,16134,clergyman
1099,16142,clicker
1100,16143,client
1110,16161,clock
1111,16162,clone
1112,16163,cloning
1114,16165,closure
1115,16166,clothes
1118,16213,clover
1125,16224,clunky
1128,16231,clutter
1132,16235,coaster
1134,16241,coastland
1136,16243,coat
1138,16245,cobalt
1139,16246,cobbler
1141,16252,cocoa
1143,16254,cod
1145,16256,coerce
1153,16312,coherent
1161,16324,collage
1162,16325,collapse
1169,16336,colonial
1171,16342,colonize
1173,16344,colossal
1174,16345,colt
1175,16346,coma
1178,16353,comfy
1180,16355,coming
1187,16366,commodity
1189,16412,common
1190,16413,commotion
1192,16415,commuting
1193,16416,compacted
1197,16424,companion
1204,16435,composed
1206,16441,composite
1209,16444,compound
1210,16445,compress
1211,16446,comprised
1214,16453,comrade
1218,16461,concept
1219,16462,concerned
1220,16463,concert
1222,16465,concierge
1224,16511,conclude
1225,16512,concrete
1227,16514,condense
1228,16515,condiment
1230,16521,condone
1232,16523,conductor
1233,16524,conduit
1240,16535,confiding
1241,16536,configure
1243,16542,confining
1245,16544,conflict
1248,16551,confront
1249,16552,confused
1250,16553,confusing
1257,16564,conjoined
1262,16613,consensus
1267,16622,constable
1270,16625,constrict
1271,16626,construct
1278,16641,contend
1282,16645,contest
1284,16651,contort
1287,16654,control
1288,16655,contusion
1289,16656,convene
1292,16663,cope
1293,16664,copied
1298,21113,copper
1301,21116,cork
1305,21124,cornea
1306,21125,corned
1307,21126,corner
1310,21133,cornhusk
1314,21141,coronary
1323,21154,corrosive
1325,21156,corset
1327,21162,cosigner
1334,21213,cotton
1337,21216,could
1338,21221,countable
1344,21231,courier
1355,21246,crablike
1357,21252,cradle
1358,21253,cradling
1363,21262,crafty
1367,21266,cranial
1371,21314,crave
1373,21316,crawfish
1378,21325,crazed
1382,21333,creamed
1385,21336,crease
1386,21341,creasing
1393,21352,credibly
1399,21362,crept
1401,21364,crested
1406,21413,crewman
1407,21414,crewmate
1413,21424,crimson
1414,21425,cringe
1417,21432,crinkly
1420,21435,crisply
1422,21441,crispy
1423,21442,criteria
1425,21444,croak
1434,21461,crowd
1436,21463,crucial
1440,21511,cruelness
1442,21513,crumb
1449,21524,crunchy
1451,21526,crushable
1452,21531,crushed
1453,21532,crusher
1456,21535,crux
1458,21541,cryptic
1461,21544,cube
1466,21553,cuddly
1469,21556,culminate
1477,21612,cupid
1478,21613,cupped
1479,21614,cupping
1487,21626,curler
1492,21635,curse
1498,21645,curvature
1500,21651,curvy
1501,21652,cushy
1503,21654,cussed
1507,21662,customary
1513,22112,cyclic
1515,22114,cyclist
1518,22121,cytoplasm
1525,22132,daintily
1532,22143,dandelion
1537,22152,dangle
1541,22156,daringly
1545,22164,darkness
1547,22166,darling
1553,22216,data
1559,22226,dawn
1560,22231,daybed
1562,22233,daycare
1567,22242,daytime
1569,22244,dazzling
1571,22246,deafening
1573,22252,dealer
1574,22253,dealing
1576,22255,dealt
1579,22262,debate
1582,22265,debrief
1586,22313,debunk
1592,22323,deceased
1593,22324,deceit
1594,22325,deceiver
1596,22331,december
1599,22334,deception
1603,22342,decimal
1605,22344,decipher
1610,22353,decompose
1611,22354,decorated
1613,22356,decoy
1614,22361,decrease
1615,22362,decree
1618,22365,deduce
1626,22421,defacing
1628,22423,default
1630,22425,defection
1636,22435,deferral
1637,22436,deferred
1639,22442,defiant
1641,22444,defiling
1644,22451,deflate
1646,22453,deflator
1648,22455,deflector
1649,22456,defog
1652,22463,defrost
1654,22465,defuse
1659,22514,degree
1660,22515,dehydrate
1663,22522,delay
1664,22523,delegate
1666,22525,delete
1669,22532,delicate
1674,22541,deliverer
1679,22546,delusion
1684,22555,demise
1687,22562,demote
1693,22612,denim
1696,22615,density
1704,22631,departure
1717,22652,depth
1732,23115,desktop
1736,23123,despise
1737,23124,despite
1740,23131,destruct
1742,23133,detail
1748,23143,detest
1752,23151,detract
1753,23152,deuce
1754,23153,devalue
1759,23162,deviator
1763,23166,devotee
1768,23215,dexterity
1772,23223,diabolic
1774,23225,diagnosis
1781,23236,dice
1783,23242,dictate
1786,23245,difficult
1799,23266,dimly
1800,23311,dimmed
1805,23316,dingbat
1814,23333,diploma
1825,23352,disabled
1828,23355,disarm
1830,23361,disaster
1837,23412,disclose
1838,23413,discolor
1843,23422,disdain
1844,23423,disengage
1857,23444,dismay
1861,23452,disorder
1862,23453,disown
1863,23454,disparate
1866,23461,dispense
1868,23463,dispersed
1869,23464,disperser
1872,23511,displease
1874,23513,dispose
1878,23521,disrupt
1881,23524,distant
1883,23526,distill
1891,23542,ditto
1899,23554,diving
1902,23561,divisibly
1903,23562,division
1905,23564,divorcee
1906,23565,dizziness
1907,23566,dizzy
1913,23616,dodge
1919,23626,dollhouse
1921,23632,dolly
1924,23635,domelike
1926,23641,dominion
1927,23642,dominoes
1929,23644,donation
1931,23646,donor
1934,23653,doorbell
1935,23654,doorframe
1937,23656,doorman
1938,23661,doormat
1944,24111,doozy
1945,24112,dork
1950,24121,dotted
1958,24133,dragging
1960,24135,dragonish
1962,24141,drainable
1969,24152,drank
1981,24212,dreamt
1982,24213,dreamy
1990,24225,drier
1991,24226,drift
1995,24234,drinking
2004,24251,drizzly
2005,24252,drone
2007,24254,droop
2008,24255,drop-down
2009,24256,dropbox
2011,24262,droplet
2012,24263,dropout
2013,24264,dropper
2015,24266,drown
2020,24315,dubbed
2024,24323,ducking
2028,24331,duct
2030,24333,duffel
2032,24335,duh
2038,24345,dumpling
2042,24353,duplex
2046,24361,durably
2049,24364,during
2050,24365,dusk
2051,24366,dust
2054,24413,duvet
2059,24422,dwelling
2062,24425,dynamic
2067,24434,each
2069,24436,earache
2071,24442,earflap
2072,24443,earful
2074,24445,early
2077,24452,earphone
2078,24453,earpiece
2079,24454,earplugs
2082,24461,earthen
2083,24462,earthlike
2084,24463,earthling
2087,24466,earthy
2092,24515,easily
2099,24526,eatable
2108,24543,eccentric
2115,24554,economist
2116,24555,economy
2119,24562,edge
2120,24563,edginess
2122,24565,edgy
2135,24626,eggnog
2136,24631,eggplant
2141,24636,either
2142,24641,eject
2143,24642,elaborate
2144,24643,elastic
2146,24645,elbow
2155,24662,elevating
2166,25121,elk
2167,25122,ellipse
2169,25124,elm
2172,25131,eloquence
2175,25134,elude
2181,25144,embassy
2185,25152,embezzle
2190,25161,emboss
2191,25162,embroider
2193,25164,emerald
2195,25166,emission
2196,25211,emit
2199,25214,emotion
2201,25216,empathy
2202,25221,emperor
2204,25223,emphasis
2209,25232,employee
2218,25245,enactment
2219,25246,enamel
2220,25251,enchanted
2221,25252,enchilada
2224,25255,enclosure
2228,25263,encourage
2229,25264,encroach
2232,25311,endanger
2233,25312,endeared
2234,25313,endearing
2236,25315,ending
2237,25316,endless
2238,25321,endnote
2244,25331,endurable
2248,25335,energize
2250,25341,enforced
2252,25343,engaged
2253,25344,engaging
2255,25346,engorge
2258,25353,engraving
2263,25362,enjoyable
2269,25412,enlarging
2271,25414,enlisted
2274,25421,enrich
2279,25426,entail
2285,25436,entitle
2287,25442,entomb
2288,25443,entourage
2298,25461,enviably
2300,25463,envision
2303,25466,enzyme
2305,25512,epidemic
2307,25514,epidermis
2308,25515,epidural
2311,25522,epilogue
2313,25524,episode
2314,25525,equal
2316,25531,equation
2318,25533,equinox
2319,25534,equipment
2320,25535,equity
2321,25536,equivocal
2322,25541,eradicate
2325,25544,eraser
2327,25546,ergonomic
2328,25551,errand
2332,25555,erupt
2333,25556,escalate
2338,25565,escargot
2339,25566,eskimo
2343,25614,esquire
2345,25616,essence
2346,25621,essential
2349,25624,esteemed
2350,25625,estimate
2352,25631,estranged
2353,25632,estrogen
2359,25642,ethically
2367,25654,evaporate
2368,25655,evasion
2369,25656,evasive
2370,25661,even
2371,25662,everglade
2372,25663,evergreen
2382,26121,evolve
2383,26122,exact
2389,26132,exception
2391,26134,exchange
2401,26152,excursion
2403,26154,excusably
2405,26156,exemplary
2412,26211,exhale
2416,26215,existing
2418,26221,exodus
2422,26225,expand
2423,26226,expanse
2425,26232,expansive
2429,26236,expel
2433,26244,expert
2435,26246,expiring
2438,26253,explicit
2439,26254,explode
2444,26263,exporter
2447,26266,exposure
2450,26313,exquisite
2459,26326,extradite
2463,26334,extruding
2468,26343,facebook
2470,26345,facedown
2471,26346,faceless
2476,26355,facility
2477,26356,facing
2481,26364,factor
2484,26411,faculty
2485,26412,fade
2488,26415,falcon
2494,26425,family
2498,26433,fancied
2505,26444,fantastic
2508,26451,fastball
2509,26452,faster
2510,26453,fasting
2512,26455,faucet
2516,26463,favoring
2517,26464,favorite
2525,26516,feisty
2528,26523,feminine
2541,26544,ferris
2544,26551,fester
2545,26552,festival
2548,26555,fetal
2551,26562,fiber
2552,26563,fiction
2553,26564,fiddle
2554,26565,fiddling
2558,26613,fifteen
2566,26625,filled
2568,26631,filling
2569,26632,film
2572,26635,filtrate
2578,26645,financial
2581,26652,finer
2586,26661,finite
2589,26664,fiscally
2593,31112,flagman
2596,31115,flagstick
2597,31116,flagstone
2598,31121,flail
2599,31122,flakily
2600,31123,flaky
2606,31133,flap
2609,31136,flashbulb
2611,31142,flashily
2613,31144,flashy
2619,31154,flatten
2621,31156,flatterer
2626,31165,flavored
2631,31214,fleshed
2635,31222,flight
2636,31223,flinch
2637,31224,fling
2638,31225,flint
2639,31226,flip
2642,31233,flock
2643,31234,flogging
2650,31245,flyaway
2651,31246,flyer
2652,31251,flying
2654,31253,flypaper
2659,31262,folic
2660,31263,folk
2664,31311,fondly
2666,31313,fondue
2668,31315,food
2669,31316,fool
2675,31326,footgear
2677,31332,foothold
2679,31334,footless
2681,31336,footnote
2688,31351,footwear
2690,31353,fossil
2693,31356,founding
2695,31362,fox
2698,31365,fracture
2700,31411,fragility
2701,31412,fragment
2702,31413,fragrance
2703,31414,fragrant
2705,31416,frame
2708,31423,fraternal
2709,31424,frayed
2711,31426,frays
2712,31431,freckled
2715,31434,freebee
2716,31435,freebie
2718,31441,freefall
2721,31444,freeload
2722,31445,freely
2732,31463,french
2734,31465,frenzy
2735,31466,frequency
2737,31512,fresh
2743,31522,fried
2747,31526,frigidity
2748,31531,frigidly
2749,31532,frill
2751,31534,frisbee
2753,31536,fritter
2769,31564,frugally
2772,31611,frying
2773,31612,gab
2774,31613,gaffe
2784,31631,gallon
2786,31633,gallstone
2790,31641,game
2791,31642,gaming
2793,31644,gander
2795,31646,gangrene
2796,31651,gangway
2801,31656,gargle
2803,31662,garlic
2804,31663,garment
2808,32111,gas
2813,32116,gauntlet
2816,32123,gawk
2827,32142,genre
2829,32144,gentleman
2830,32145,gently
2841,32164,germicide
2844,32211,germproof
2846,32213,gestation
2847,32214,gesture
2848,32215,getaway
2849,32216,getting
2852,32223,gibberish
2854,32225,giddily
2855,32226,giddiness
2856,32231,giddy
2859,32234,gigahertz
2860,32235,gigantic
2866,32245,gills
2867,32246,gimmick
2868,32251,girdle
2869,32252,giveaway
2870,32253,given
2871,32254,giver
2876,32263,glacier
2880,32311,glamorous
2887,32322,glass
2891,32326,gleeful
2901,32344,gloating
2902,32345,gloomily
2903,32346,gloomy
2904,32351,glorified
2905,32352,glorifier
2910,32361,glove
2911,32362,glowing
2921,32416,goatskin
2925,32424,goldfish
2926,32425,goldmine
2928,32431,golf
2930,32433,gonad
2931,32434,gondola
2932,32435,gone
2935,32442,gooey
2937,32444,goofiness
2938,32445,goofy
2940,32451,goon
2942,32453,gore
2943,32454,gorged
2946,32461,gosling
2948,32463,gothic
2949,32464,gotten
2953,32512,graceful
2957,32516,graded
2958,32521,grader
2959,32522,gradient
2961,32524,gradually
2965,32532,grafting
2970,32541,grandma
2973,32544,granite
2981,32556,grappling
2983,32562,grass
2984,32563,gratified
2985,32564,gratify
2995,32622,gravy
2997,32624,grazing
2998,32625,greasily
3000,32631,greedless
3002,32633,green
3003,32634,greeter
3006,32641,greyhound
3007,32642,grid
3013,32652,grimace
3016,32655,griminess
3017,32656,grimy
3018,32661,grinch
3019,32662,grinning
3021,32664,gristle
3031,33122,ground
3034,33125,grove
3037,33132,growl
3041,33136,grueling
3043,33142,grumble
3047,33146,grunge
3048,33151,grunt
3052,33155,guide
3062,33213,gumminess
3066,33221,gurgling
3068,33223,gush
3069,33224,gusto
3077,33236,habitable
3079,33242,habitat
3081,33244,hacked
3082,33245,hacker
3084,33251,hacksaw
3085,33252,had
3086,33253,haggler
3091,33262,halved
3094,33265,hamlet
3095,33266,hammock
3096,33311,hamper
3100,33315,handball
3106,33325,handcraft
3108,33331,handed
3113,33336,handiness
3115,33342,handlebar
3116,33343,handled
3118,33345,handling
3119,33346,handmade
3124,33355,handsaw
3127,33362,handshake
3128,33363,handstand
3130,33365,handwork
3134,33413,hangnail
3135,33414,hangout
3139,33422,hankie
3142,33425,happening
3149,33436,hardcopy
3150,33441,hardcore
3152,33443,harddisk
3154,33445,hardener
3155,33446,hardening
3157,33452,hardhead
3162,33461,hardware
3163,33462,hardwired
3168,33511,harmonica
3170,33513,harmonize
3173,33516,harpist
3174,33521,harsh
3176,33523,hash
3183,33534,hatchback
3186,33541,hatching
3188,33543,hate
3192,33551,haven
3194,33553,hazelnut
3196,33555,haziness
3200,33563,headband
3201,33564,headboard
3203,33566,headdress
3204,33611,headed
3206,33613,headfirst
3208,33615,heading
3209,33616,headlamp
3213,33624,headpiece
3215,33626,headroom
3216,33631,headscarf
3220,33635,headstone
3223,33642,heap
3226,33645,heavily
3232,33655,hefty
3235,33662,helper
3242,34113,hence
3247,34122,herbicide
3248,34123,herbs
3251,34126,heroics
3253,34132,herring
3255,34134,hertz
3257,34136,hesitant
3259,34142,hexagon
3261,34144,hubcap
3262,34145,huddle
3265,34152,hug
3267,34154,hulk
3268,34155,hull
3270,34161,humble
3273,34164,humid
3274,34165,humiliate
3279,34214,humorist
3281,34216,humorous
3284,34223,humvee
3289,34232,hungry
3293,34236,huntress
3296,34243,hurled
3299,34246,hurray
3300,34251,hurricane
3302,34253,hurry
3312,34311,hydration
3317,34316,hyphen
3322,34325,hypnotist
3327,34334,ice
3329,34336,icing
3330,34341,icky
3339,34354,identify
3342,34361,idiocy
3343,34362,idiom
3346,34365,ignition
3347,34366,ignore
3351,34414,illusive
3354,34421,imagines
3364,34435,immodest
3365,34436,immorally
3370,34445,immunize
3372,34451,impale
3378,34461,imperfect
3381,34464,implant
3383,34466,implicate
3385,34512,implode
3388,34515,imply
3389,34516,impolite
3392,34523,impose
3393,34524,imposing
3394,34525,impotence
3406,34545,imprudent
3410,34553,impurity
3411,34554,iodine
3412,34555,iodize
3418,34565,irk
3421,34612,irrigate
3424,34615,irritant
3426,34621,islamic
3430,34625,isolation
3432,34631,issue
3438,34641,itunes
3442,34645,jackal
3451,34662,jam
3452,34663,janitor
3455,34666,jarring
3456,35111,jasmine
3458,35113,jaunt
3466,35125,jazz
3468,35131,jeeringly
3474,35141,jiffy
3476,35143,jimmy
3477,35144,jingle
3480,35151,jitters
3485,35156,jogger
3488,35163,joining
3491,35166,jolliness
3494,35213,jot
3495,35214,jovial
3501,35224,jubilance
3504,35231,judgingly
3505,35232,judicial
3507,35234,judo
3509,35236,juggling
3512,35243,juiciness
3515,35246,jukebox
3520,35255,junction
3524,35263,juniper
3525,35264,junkie
3531,35314,justice
3533,35316,justify
3534,35321,justly
3539,35326,karaoke
3540,35331,karate
3546,35341,keg
3549,35344,kept
3550,35345,kerchief
3553,35352,kick
3555,35354,kilobyte
3556,35355,kilogram
3566,35413,kinetic
3568,35415,king
3569,35416,kinship
3571,35422,kinswoman
3577,35432,kitten
3578,35433,kitty
3579,35434,kiwi
3580,35435,kleenex
3581,35436,knapsack
3584,35443,knickers
3591,35454,kung
3592,35455,labored
3596,35463,labrador
3597,35464,ladder
3605,35516,lair
3608,35523,landed
3613,35532,landless
3614,35533,landline
3615,35534,landlord
3620,35543,landscape
3624,35551,lankiness
3625,35552,lanky
3628,35555,lapel
3630,35561,lapping
3636,35611,lasso
3637,35612,last
3643,35622,latter
3649,35632,lavender
3650,35633,lavish
3655,35642,lecturer
3658,35645,legal
3660,35651,legged
3661,35652,leggings
3664,35655,legislate
3665,35656,lego
3666,35661,legroom
3670,35665,lemon
3672,36111,length
3675,36114,leotard
3680,36123,letter
3682,36125,level
3683,36126,leverage
3684,36131,levers
3685,36132,levitate
3686,36133,levitator
3687,36134,liability
3689,36136,liberty
3694,36145,lid
3697,36152,lifting
3704,36163,lilac
3705,36164,lilly
3706,36165,lily
3707,36166,limb
3709,36212,limelight
3712,36215,limping
3713,36216,limpness
3714,36221,line
3715,36222,lingo
3721,36232,linseed
3723,36234,lion
3726,36241,liqueur
3730,36245,litigate
3740,36263,lividly
3741,36264,living
3749,36316,lucrative
3754,36325,lumber
3756,36331,luminous
3762,36341,lunchbox
3764,36343,lunchroom
3768,36351,lure
3770,36353,lurk
3774,36361,lustfully
3776,36363,lustiness
3777,36364,lustrous
3781,36412,lying
3782,36413,lyrically
3785,36416,lyrics
3789,36424,mace
3790,36425,machine
3793,36432,magenta
3795,36434,magical
3797,36436,magma
3798,36441,magnesium
3800,36443,magnetism
3802,36445,magnifier
3807,36454,maimed
3811,36462,majority
3812,36463,makeover
3816,36511,malformed
3819,36514,mammal
3820,36515,mammary
3825,36524,mandarin
3827,36526,mandatory
3831,36534,mango
3832,36535,mangy
3834,36541,manhole
3840,36551,manila
3841,36552,mankind
3844,36555,manly
3846,36561,manned
3847,36562,mannish
3849,36564,manpower
3858,36621,marbles
3860,36623,march
3863,36626,margarita
3866,36633,marina
3867,36634,marine
3872,36643,maroon
3873,36644,married
3875,36646,marry
3876,36651,marshland
3879,36654,marvelous
3880,36655,marxism
3884,36663,mashing
3898,41125,math
3902,41133,matrix
3906,41141,maturely
3907,41142,maturing
3910,41145,maverick
3911,41146,maximize
3915,41154,mayflower
3917,41156,moaning
3918,41161,mobile
3919,41162,mobility
3920,41163,mobilize
3921,41164,mobster
3922,41165,mocha
3929,41216,module
3935,41226,mold
3936,41231,molecular
3937,41232,molecule
3940,41235,mom
3941,41236,monastery
3943,41242,monetary
3951,41254,monkhood
3959,41266,monoxide
3961,41312,monsoon
3963,41314,monthly
3964,41315,monument
3965,41316,moocher
3969,41324,moonbeam
3970,41325,mooned
3979,41342,mop
3987,41354,morse
3989,41356,mortally
3990,41361,mortician
3991,41362,mortified
3996,41411,most
3998,41413,mothproof
4001,41416,motivator
4005,41424,motto
4006,41425,mountable
4007,41426,mountain
4008,41431,mounted
4011,41434,mournful
4012,41435,mouse
4018,41445,move
4019,41446,movie
4020,41451,moving
4021,41452,mower
4029,41464,mule
4032,41511,multiple
4034,41513,multitask
4035,41514,multitude
4036,41515,mumble
4037,41516,mumbling
4046,41533,muppet
4049,41536,murky
4050,41541,murmuring
4054,41545,mushiness
4060,41555,musky
4062,41561,mustard
4066,41565,mutable
4067,41566,mutate
4069,41612,mute
4077,41624,myspace
4080,41631,myth
4084,41635,name
4090,41645,napped
4092,41651,nappy
4105,42112,navy
4106,42113,nearby
4107,42114,nearest
4108,42115,nearly
4114,42125,nectar
4116,42131,negation
4122,42141,nemeses
4124,42143,neon
4126,42145,nerd
4129,42152,nest
4131,42154,neurology
4138,42165,next
4139,42166,nibble
4142,42213,niece
4144,42215,nimble
4146,42221,nineteen
4147,42222,ninetieth
4148,42223,ninja
4149,42224,nintendo
4152,42231,nuclei
4156,42235,number
4159,42242,numbness
4161,42244,numerate
4162,42245,numerator
4163,42246,numeric
4164,42251,numerous
4170,42261,nutlike
4172,42263,nutrient
4175,42266,nutty
4177,42312,nylon
4179,42314,oak
4181,42316,oat
4183,42322,obedient
4185,42324,object
4193,42336,obscure
4196,42343,observer
4207,42362,obtuse
4211,42366,occupant
4213,42412,occupy
4217,42416,octane
4219,42422,octopus
4220,42423,ogle
4223,42426,ointment
4224,42431,okay
4233,42444,omnivore
4234,42445,onboard
4235,42446,oncoming
4237,42452,onion
4242,42461,onset
4243,42462,onshore
4245,42464,onstage
4250,42513,ooze
4254,42521,open
4261,42532,opium
4265,42536,opposing
4267,42542,oppressed
4269,42544,opt
4273,42552,otter
4274,42553,ouch
4288,42615,outdoors
4289,42616,outer
4291,42622,outfit
4295,42626,outhouse
4297,42632,outlast
4298,42633,outlet
4301,42636,outlying
4302,42641,outmatch
4303,42642,outmost
4304,42643,outnumber
4305,42644,outplayed
4308,42651,output
4312,42655,outright
4319,42666,outsmart
4325,43116,outweigh
4335,43134,overbite
4336,43135,overblown
4340,43143,overcast
4344,43151,overcrowd
4347,43154,overdress
4348,43155,overdrive
4352,43163,overexert
4353,43164,overfed
4354,43165,overfeed
4360,43215,overhang
4364,43223,overheat
4366,43225,overjoyed
4369,43232,overlaid
4372,43235,overload
4376,43243,overnight
4377,43244,overpass
4379,43246,overplant
4381,43252,overpower
4382,43253,overprice
4385,43256,overreact
4398,43321,overstay
4401,43324,overstuff
4404,43331,overthrow
4405,43332,overtime
4407,43334,overtone
4410,43341,overuse
4414,43345,owl
4417,43352,oxidation
4418,43353,oxidize
4419,43354,oxidizing
4427,43366,pacifier
4428,43411,pacifism
4430,43413,pacify
4434,43421,paddling
4436,43423,pagan
4437,43424,pager
4438,43425,paging
4440,43431,palace
4443,43434,palpable
4445,43436,paltry
4447,43442,pamperer
4448,43443,pampers
4449,43444,pamphlet
4453,43452,panda
4454,43453,pandemic
4459,43462,panorama
4464,43511,pants
4469,43516,paprika
4470,43521,papyrus
4475,43526,paragraph
4480,43535,paralyze
4483,43542,paramount
4494,43561,parkway
4496,43563,parmesan
4499,43566,parsley
4510,43625,passably
4515,43634,passing
4516,43635,passion
4522,43645,pasta
4530,43661,patchwork
4538,44113,patriarch
4548,44131,paving
4551,44134,payback
4559,44146,payroll
4563,44154,pectin
4567,44162,pedicure
4568,44163,pedigree
4571,44166,pelican
4573,44212,pelt
4577,44216,pencil
4582,44225,pennant
4584,44231,penny
4586,44233,pension
4588,44235,pentagram
4590,44241,perceive
4591,44242,percent
4593,44244,percolate
4594,44245,perennial
4596,44251,perfectly
4600,44255,perjurer
4601,44256,perjury
4602,44261,perkiness
4604,44263,perm
4609,44312,persevere
4610,44313,persuaded
4611,44314,persuader
4614,44321,pessimism
4622,44333,petroleum
4627,44342,petunia
4630,44345,phoenix
4633,44352,phonics
4634,44353,phoniness
4636,44355,phosphate
4637,44356,photo
4642,44365,placidly
4648,44415,plastic
4650,44421,platform
4653,44424,platonic
4656,44431,plausible
4658,44433,playable
4661,44436,playful
4662,44441,playgroup
4665,44444,playlist
4670,44453,playroom
4672,44455,plaything
4675,44462,pleading
4676,44463,pleat
4677,44464,pledge
4679,44466,plenty
4682,44513,pliable
4687,44522,ploy
4690,44525,plunder
4694,44533,plutonium
4696,44535,poach
4698,44541,poem
4703,44546,pointing
4706,44553,poise
4707,44554,poison
4708,44555,poker
4709,44556,poking
4714,44565,polish
4716,44611,polka
4731,44634,populace
4735,44642,pork
4736,44643,porous
4741,44652,porthole
4742,44653,portion
4743,44654,portly
4747,44662,posing
4749,44664,possibly
4755,45114,posted
4759,45122,posture
4760,45123,postwar
4762,45125,pounce
4763,45126,pouncing
4764,45131,pound
4766,45133,pout
4769,45136,powdery
4770,45141,power
4775,45146,prancing
4776,45151,pranker
4779,45154,prayer
4785,45164,precinct
4786,45165,precise
4788,45211,precook
4792,45215,predict
4793,45216,preface
4797,45224,pregame
4798,45225,pregnancy
4804,45235,premiere
4811,45246,prepay
4812,45251,preplan
4813,45252,preppy
4814,45253,preschool
4817,45256,preset
4819,45262,president
4821,45264,press
4823,45266,presuming
4830,45321,pretzel
4832,45323,prevalent
4837,45332,prewashed
4840,45335,primal
4842,45341,primary
4854,45361,private
4856,45363,prize
4871,45426,prodigy
4874,45433,profane
4877,45436,professor
4878,45441,profile
4881,45444,progeny
4884,45451,progress
4887,45454,prolonged
4888,45455,promenade
4889,45456,prominent
4891,45462,promotion
4892,45463,prompter
4894,45465,prone
4901,45516,propeller
4908,45531,prorate
4909,45532,protector
4912,45535,prototype
4913,45536,protozoan
4914,45541,protract
4915,45542,protrude
4921,45552,provider
4923,45554,province
4930,45565,prowling
4932,45611,proxy
4936,45615,prune
4938,45621,pry
4943,45626,pueblo
4945,45632,pull
4947,45634,pulp
4951,45642,puma
4953,45644,pummel
4954,45645,punch
4956,45651,punctuate
4960,45655,punk
4961,45656,pupil
4967,45666,purely
4972,46115,purifier
4977,46124,purple
4984,46135,pursuit
4985,46136,purveyor
4995,46154,putdown
4997,46156,puzzle
4998,46161,puzzling
4999,46162,pyramid
5000,46163,pyromania
5002,46165,quack
5004,46211,quail
5005,46212,quaintly
5009,46216,qualifier
5011,46222,quality
5013,46224,quantum
5016,46231,quartered
5017,46232,quarterly
5019,46234,quartet
5021,46236,query
5022,46241,quicken
5024,46243,quickness
5025,46244,quicksand
5026,46245,quickstep
5030,46253,quintet
5033,46256,quit
5035,46262,quizzical
5039,46266,rabid
5040,46311,race
5044,46315,racoon
5045,46316,radar
5048,46323,radiantly
5050,46325,radiation
5051,46326,radiator
5054,46333,raffle
5056,46335,rage
5059,46342,ragweed
5064,46351,railway
5076,46411,ranged
5077,46412,ranger
5080,46415,ranking
5081,46416,ransack
5084,46423,rare
5086,46425,rascal
5089,46432,ravage
5100,46451,reactor
5107,46462,reapprove
5110,46465,reason
5111,46466,reassign
5123,46526,rebuild
5133,46544,recess
5134,46545,recharger
5137,46552,recite
5143,46562,reclusive
5146,46565,recollect
5151,46614,recopy
5153,46616,recount
5155,46622,recovery
5156,46623,recreate
5157,46624,rectal
5159,46626,rectified
5162,46633,recycler
5173,46652,refinance
5175,46654,refinery
5176,46655,refining
5178,46661,reflected
5182,46665,refocus
5184,51111,reforest
5187,51114,reformer
5188,51115,reformist
5197,51132,refurnish
5199,51134,refuse
5204,51143,regalia
5206,51145,reggae
5211,51154,registry
5213,51156,regretful
5214,51161,regroup
5215,51162,regular
5217,51164,regulator
5220,51211,rehire
5230,51225,relapsing
5235,51234,relax
5237,51236,relearn
5238,51241,release
5239,51242,relenting
5246,51253,relieving
5251,51262,relocate
5255,51266,remake
5257,51312,remarry
5260,51315,remedy
5261,51316,remember
5263,51322,remindful
5266,51325,remnant
5269,51332,remorse
5271,51334,removable
5275,51342,removing
5277,51344,renderer
5279,51346,rendition
5281,51352,renewable
5282,51353,renewably
5283,51354,renewal
5291,51366,renter
5294,51413,reopen
5295,51414,reorder
5299,51422,repair
5303,51426,repeal
5304,51431,repeated
5306,51433,repent
5309,51436,replay
5310,51441,replica
5311,51442,reply
5313,51444,repose
5326,51465,reptilian
5330,51513,repurpose
5344,51535,reseller
5345,51536,resemble
5346,51541,resend
5349,51544,reshape
5350,51545,reshoot
5352,51551,residence
5353,51552,residency
5360,51563,resisting
5361,51564,resize
5363,51566,resolved
5368,51615,respect
5370,51621,result
5373,51624,resurface
5374,51625,resurrect
5375,51626,retail
5377,51632,retaining
5378,51633,retake
5390,51653,retrace
5391,51654,retract
5394,51661,retreat
5397,51664,retriever
5398,51665,retry
5399,51666,return
5400,52111,retying
5404,52115,reusable
5407,52122,reveler
5408,52123,revenge
5410,52125,reverb
5414,52133,reversal
5416,52135,reversing
5418,52141,revert
5421,52144,revision
5422,52145,revisit
5423,52146,revivable
5425,52152,reviver
5434,52165,rewind
5439,52214,rewrite
5441,52216,ribbon
5445,52224,richly
5446,52225,richness
5449,52232,riddance
5450,52233,ridden
5453,52236,rifling
5461,52252,rink
5462,52253,rinse
5463,52254,rinsing
5464,52255,riot
5465,52256,ripcord
5468,52263,ripping
5478,52321,rival
5479,52322,riverbank
5483,52326,riveter
5485,52332,roamer
5489,52336,robe
5493,52344,rockband
5502,52361,rocky
5506,52365,rope
5507,52366,roping
5514,52421,rounding
5519,52426,routine
5521,52432,rover
5524,52435,rubbed
5533,52452,ruined
5534,52453,rule
5535,52454,rumble
5537,52456,rummage
5538,52461,rumor
5543,52466,runny
5545,52512,runway
5549,52516,rush
5555,52526,sacred
5556,52531,sacrifice
5560,52535,saddling
5564,52543,safeguard
5568,52551,saffron
5573,52556,said
5575,52562,sake
5576,52563,salad
5577,52564,salami
5578,52565,salaried
5580,52611,saline
5586,52621,salute
5597,52636,sandbag
5599,52642,sandbar
5603,52646,sandfish
5605,52652,sandlot
5606,52653,sandpaper
5607,52654,sandpit
5609,52656,sandstorm
5610,52661,sandworm
5612,52663,sanitary
5613,52664,sanitizer
5615,52666,santa
5616,53111,sapling
5625,53124,satchel
5626,53125,satiable
5627,53126,satin
5630,53133,satisfy
5632,53135,saturday
5639,53146,savings
5640,53151,savior
5642,53153,saxophone
5643,53154,say
5645,53156,scabby
5646,53161,scalded
5647,53162,scalding
5652,53211,scalping
5655,53214,scanner
5659,53222,scarce
5675,53246,schnapps
5676,53251,scholar
5678,53253,scientist
5685,53264,scope
5691,53314,scorer
5694,53321,scorpion
5698,53325,scouring
5700,53331,scouts
5704,53335,scrambled
5705,53336,scrambler
5706,53341,scrap
5710,53345,scribble
5711,53346,scribe
5715,53354,scroll
5723,53366,scuba
5727,53414,scurvy
5728,53415,scuttle
5731,53422,seclusion
5740,53435,sedan
5744,53443,sediment
5749,53452,seizing
5750,53453,seldom
5752,53455,selection
5754,53461,selector
5756,53463,seltzer
5759,53466,semicolon
5760,53511,semifinal
5761,53512,seminar
5762,53513,semisoft
5764,53515,senate
5766,53521,send
5768,53523,senorita
5771,53526,sensitize
5775,53534,september
5777,53536,septum
5784,53551,serpent
5787,53554,service
5788,53555,serving
5791,53562,setback
5793,53564,settle
5795,53566,setup
5798,53613,seventh
5805,53624,shadiness
5813,53636,shaking
5821,53652,shank
5823,53654,shape
5825,53656,share
5828,53663,sharpie
5831,53666,shawl
5832,54111,sheath
5833,54112,shed
5837,54116,shell
5842,54125,shield
5849,54136,shindig
5854,54145,shiny
5857,54152,shivering
5860,54155,shoplift
5861,54156,shopper
5862,54161,shopping
5863,54162,shoptalk
5872,54215,shortly
5874,54221,shorts
5877,54224,shout
5878,54225,shove
5884,54235,showing
5895,54254,shredding
5896,54255,shrewdly
5901,54264,shrink
5902,54265,shrivel
5903,54266,shrouded
5912,54323,shun
5915,54326,shy
5917,54332,siberian
5918,54333,sibling
5923,54342,sighing
5935,54362,similarly
5936,54363,simile
5938,54365,simple
5941,54412,sincere
5942,54413,sincerity
5948,54423,sinless
5951,54426,sip
5959,54442,sixfold
5962,54445,sixties
5964,54451,sixtyfold
5966,54453,sizably
5968,54455,sizing
5970,54461,sizzling
5971,54462,skater
5973,54464,skedaddle
5977,54512,sketch
5979,54514,skewer
5980,54515,skid
5981,54516,skied
5982,54521,skier
5984,54523,skiing
5988,54531,skimmed
5989,54532,skimmer
5990,54533,skimming
5998,54545,skipper
5999,54546,skipping
6000,54551,skirmish
6002,54553,skittle
6003,54554,skydiver
6007,54562,skyrocket
6009,54564,slab
6010,54565,slacked
6013,54612,slackness
6017,54616,slander
6018,54621,slang
6020,54623,slapstick
6023,54626,slate
6027,54634,sleek
6029,54636,sleet
6030,54641,sleeve
6032,54643,sliceable
6035,54646,slicing
6036,54651,slick
6039,54654,sliding
6046,54665,slingshot
6048,55111,slip
6054,55121,sloping
6056,55123,sloppy
6063,55134,slurp
6066,55141,small
6067,55142,smartly
6075,55154,smilingly
6077,55156,smite
6081,55164,smog
6084,55211,smokiness
6086,55213,smoky
6087,55214,smolder
6091,55222,smudgy
6094,55225,smugly
6095,55226,smugness
6096,55231,snack
6097,55232,snagged
6108,55251,sniff
6112,55255,snooper
6114,55261,snore
6123,55314,snowdrift
6125,55316,snowfall
6126,55321,snowfield
6127,55322,snowflake
6133,55332,snowstorm
6135,55334,snowy
6136,55335,snub
6139,55342,snugly
6141,55344,speak
6142,55345,spearfish
6143,55346,spearhead
6145,55352,spearmint
6146,55353,species
6150,55361,specks
6161,55416,spender
6166,55425,spherical
6167,55426,sphinx
6168,55431,spider
6169,55432,spied
6173,55436,spinach
6174,55441,spinal
6181,55452,spiral
6185,55456,spiritual
6189,55464,splatter
6191,55466,splendid
6194,55513,splicing
6195,55514,splinter
6203,55526,spoken
6205,55532,sponge
6207,55534,sponsor
6208,55535,spoof
6212,55543,spoon
6214,55545,sporting
6218,55553,spotlight
6219,55554,spotted
6228,55611,sprawl
6230,55613,spree
6232,55615,spring
6233,55616,sprinkled
6234,55621,sprinkler
6238,55625,spruce
6239,55626,sprung
6243,55634,sputter
6247,55642,squall
6250,55645,squatted
6259,55662,squeezing
6260,55663,squid
6262,55665,squiggly
6267,56114,squishy
6268,56115,stability
6269,56116,stabilize
6270,56121,stable
6272,56123,stadium
6275,56126,staging
6279,56134,stained
6281,56136,stainless
6284,56143,stalling
6287,56146,stammer
6290,56153,stank
6291,56154,staple
6293,56156,starboard
6298,56165,stargazer
6302,56213,starlet
6304,56215,starlit
6305,56216,starring
6308,56223,starter
6310,56225,startle
6316,56235,state
6319,56242,statue
6320,56243,stature
6322,56245,statute
6323,56246,statutory
6324,56251,staunch
6336,56311,stegosaur
6337,56312,stellar
6344,56323,sterility
6348,56331,sternum
6349,56332,stew
6350,56333,stick
6355,56342,stifling
6360,56351,stimuli
6367,56362,stinking
6370,56365,stipulate
6372,56411,stitch
6373,56412,stock
6376,56415,stole
6381,56424,stoning
6385,56432,stool
6388,56435,stoppable
6391,56442,stopper
6392,56443,stopping
6394,56445,storable
6396,56451,storeroom
6400,56455,stove
6404,56463,straggler
6405,56464,strained
6406,56465,strainer
6407,56466,straining
6409,56512,stranger
6411,56514,strategic
6415,56522,stray
6419,56526,strength
6424,56535,strewn
6426,56541,strict
6427,56542,stride
6428,56543,strife
6429,56544,strike
6431,56546,strive
6432,56551,striving
6434,56553,strode
6437,56556,strongly
6441,56564,strudel
6442,56565,struggle
6445,56612,strut
6446,56613,stubbed
6449,56616,stubborn
6451,56622,stuck
6454,56625,studio
6461,56636,stump
6463,56642,stunned
6464,56643,stunner
6471,56654,stylishly
6474,56661,stylus
6477,56664,subatomic
6481,61112,subfloor
6482,61113,subgroup
6483,61114,subheader
6486,61121,sublet
6494,61133,subpar
6495,61134,subplot
6497,61136,subscribe
6499,61142,subsector
6505,61152,subsonic
6506,61153,substance
6508,61155,subtext
6511,61162,subtotal
6523,61222,suds
6526,61225,suffice
6531,61234,suggest
6532,61235,suing
6534,61241,suitably
6544,61255,sulphuric
6546,61261,superbowl
6549,61264,superior
6554,61313,supervise
6557,61316,supply
6558,61321,support
6559,61322,supremacy
6560,61323,supreme
6562,61325,surely
6564,61331,surface
6565,61332,surfacing
6566,61333,surfboard
6568,61335,surgery
6570,61341,surging
6576,61351,surrender
6589,61412,sustainer
6591,61414,swaddling
6594,61421,swan
6596,61423,swarm
6602,61433,swept
6609,61444,swimming
6610,61445,swimsuit
6614,61453,swipe
6617,61456,swivel
6619,61462,swooned
6621,61464,swoosh
6622,61465,swore
6623,61466,sworn
6628,61515,symphony
6633,61524,synopses
6635,61526,synthesis
6636,61531,synthetic
6637,61532,syrup
6640,61535,tabasco
6644,61543,tablet
6645,61544,tableware
6647,61546,tackiness
6650,61553,tackling
6655,61562,tactics
6663,61614,taking
6665,61616,talisman
6666,61621,tall
6668,61623,tamale
6681,61644,tapioca
6682,61645,tapping
6686,61653,tarmac
6688,61655,tarot
6689,61656,tartar
6691,61662,tartness
6693,61664,tassel
6698,62113,tattered
6700,62115,tattling
6702,62121,taunt
6707,62126,theater
6709,62132,thee
6710,62133,theft
6712,62135,theology
6713,62136,theorize
6715,62142,thermos
6719,62146,thespian
6720,62151,thicken
6723,62154,thieving
6725,62156,thigh
6727,62162,thing
6728,62163,think
6732,62211,thinning
6739,62222,thorn
6740,62223,those
6741,62224,thousand
6742,62225,thrash
6743,62226,thread
6745,62232,threefold
6746,62233,thrift
6747,62234,thrill
6751,62242,throbbing
6758,62253,thud
6759,62254,thumb
6760,62255,thumping
6761,62256,thursday
6763,62262,thwarting
6765,62264,tiara
6766,62265,tibia
6767,62266,tidal
6769,62312,tidiness
6770,62313,tidings
6771,62314,tidy
6776,62323,tightrope
6778,62325,tigress
6779,62326,tile
6780,62331,tiling
6781,62332,till
6786,62341,tinderbox
6795,62354,tint
6796,62355,tinwork
6797,62356,tiny
6799,62362,tipped
6804,62411,tiring
6806,62413,trace
6810,62421,tractor
6811,62422,trade
6814,62425,traffic
6817,62432,trailside
6822,62441,transfer
6827,62446,transpose
6829,62452,trapeze
6831,62454,trapped
6833,62456,trapping
6834,62461,traps
6839,62466,tray
6842,62513,treadmill
6845,62516,treble
6849,62524,trembling
6851,62526,trench
6853,62532,trespass
6854,62533,triage
6856,62535,triangle
6859,62542,tribune
6860,62543,tributary
6872,62563,tried
6874,62565,trifocals
6875,62566,trillion
6878,62613,trimmer
6881,62616,trinity
6887,62626,trodden
6888,62631,trolling
6890,62633,trophy
6892,62635,tropics
6893,62636,trouble
6900,62651,truck
6901,62652,truffle
6916,63115,tug
6917,63116,tuition
6920,63123,tumbling
6921,63124,tummy
6922,63125,turban
6924,63131,turbofan
6925,63132,turbojet
6926,63133,turbulent
6927,63134,turf
6928,63135,turkey
6931,63142,turtle
6936,63151,tweak
6945,63164,twiddle
6949,63212,twine
6950,63213,twins
6952,63215,twistable
6955,63222,twisting
6956,63223,twisty
6958,63225,twitter
6959,63226,tycoon
6961,63232,tyke
6965,63236,ultra
6966,63241,umbilical
6968,63243,umpire
6971,63246,unadorned
6973,63252,unafraid
6977,63256,unarmored
6983,63266,unbalance
6984,63311,unbeaten
6989,63316,unblended
6994,63325,unboxed
6995,63326,unbraided
6997,63332,unbroken
6999,63334,unbundle
7002,63341,uncanny
7003,63342,uncapped
7005,63344,uncertain
7007,63346,unchanged
7011,63354,unclad
7016,63363,unclip
7017,63364,uncloak
7021,63412,uncoiled
7024,63415,uncommon
7026,63421,uncork
7033,63432,uncrown
7035,63434,uncured
7036,63435,uncurious
7042,63445,undead
7048,63455,undercook
7051,63462,underdone
7056,63511,undergrad
7060,63515,undermine
7061,63516,undermost
7063,63522,underpass
7072,63535,underwent
7085,63556,unearned
7088,63563,uneasily
7089,63564,uneasy
7090,63565,uneatable
7091,63566,uneaten
7097,63616,unequal
7098,63621,unethical
7100,63623,unexpired
7101,63624,unexposed
7102,63625,unfailing
7103,63626,unfair
7104,63631,unfasten
7105,63632,unfazed
7117,63652,unframed
7121,63656,unfunded
7127,63666,ungreased
7128,64111,unguarded
7136,64123,unheated
7139,64126,unhinge
7140,64131,unhitched
7144,64135,unicycle
7145,64136,unified
7148,64143,uniformly
7152,64151,uninstall
7157,64156,unisexual
7160,64163,unit
7164,64211,unkempt
7167,64214,unknowing
7171,64222,unlawful
7175,64226,unless
7178,64233,unlikable
7182,64241,unlisted
7183,64242,unlit
7189,64252,unlovable
7190,64253,unloved
7191,64254,unlovely
7192,64255,unloving
7203,64314,unmindful
7204,64315,unmixable
7205,64316,unmixed
7208,64323,unmovable
7209,64324,unmoved
7210,64325,unmoving
7212,64331,unnamed
7213,64332,unnatural
7215,64334,unnerve
7217,64336,unnoticed
7222,64345,unpaid
7231,64362,unplanted
7235,64366,unplug
7236,64411,unpopular
7243,64422,unread
7245,64424,unreeling
7246,64425,unrefined
7249,64432,unrest
7254,64441,unrivaled
7257,64444,unroll
7259,64446,unruly
7261,64452,unsaddle
7266,64461,unsavory
7267,64462,unscathed
7268,64463,unscented
7271,64466,unseated
7273,64512,unseeing
7275,64514,unseen
7276,64515,unselect
7277,64516,unselfish
7281,64524,unshaken
7282,64525,unshaved
7285,64532,unshipped
7288,64535,unskilled
7290,64541,unsmooth
7291,64542,unsnap
7293,64544,unsoiled
7300,64555,unstaffed
7301,64556,unstamped
7304,64563,unstirred
7308,64611,unstuffed
7315,64622,untagged
7318,64625,untamed
7320,64631,untapped
7321,64632,untaxed
7322,64633,unthawed
7324,64635,untidy
7325,64636,untie
7329,64644,untitled
7330,64645,untoasted
7332,64651,untouched
7333,64652,untracked
7337,64656,untrimmed
7338,64661,untrue
7339,64662,untruth
7345,65112,unusual
7346,65113,unvalued
7347,65114,unvaried
7352,65123,unviable
7353,65124,unvisited
7354,65125,unvocal
7357,65132,unwary
7361,65136,unwed
7362,65141,unwelcome
7367,65146,unwired
7369,65152,unwomanly
7378,65165,unzip
7379,65166,upbeat
7381,65212,upcoming
7385,65216,upgrade
7390,65225,uplifted
7393,65232,upon
7395,65234,upright
7396,65235,uprising
7398,65241,uproar
7399,65242,uproot
7401,65244,upside
7403,65246,upstairs
7407,65254,upstroke
7409,65256,uptake
7411,65262,uptown
7412,65263,upturned
7414,65265,upwind
7415,65266,uranium
7416,65311,urban
7421,65316,urging
7423,65322,urology
7426,65325,useable
7428,65331,uselessly
7430,65333,usher
7437,65344,utter
7438,65345,vacancy
7441,65352,vacation
7442,65353,vagabond
7445,65356,vaguely
7451,65366,valuables
7453,65412,vanilla
7457,65416,vantage
7461,65424,varied
7462,65425,variety
7464,65431,varmint
7465,65432,varnish
7469,65436,vaseline
7470,65441,vastly
7471,65442,vastness
7477,65452,velocity
7479,65454,vendetta
7480,65455,vending
7486,65465,venture
7487,65466,venue
7491,65514,verbose
7496,65523,versus
7505,65536,vexingly
7506,65541,viability
7513,65552,viewable
7514,65553,viewer
7515,65554,viewing
7519,65562,village
7520,65563,villain
7526,65613,violator
7527,65614,violet
7529,65616,viper
7531,65622,virtual
7533,65624,virus
7535,65626,viscosity
7540,65635,vision
7543,65642,visor
7545,65644,vitality
7548,65651,vitamins
7549,65652,vivacious
7552,65655,vixen
7553,65656,vocalist
7557,65664,voice
7560,66111,volatile
7567,66122,vowed
7576,66135,wages
7577,66136,waggle
7578,66141,wagon
7579,66142,wake
7580,66143,waking
7581,66144,walk
7582,66145,walmart
7583,66146,walnut
7585,66152,waltz
7587,66154,wannabe
7589,66156,wanting
7590,66161,wasabi
7593,66164,washboard
7594,66165,washbowl
7600,66215,washing
7601,66216,washout
7603,66222,washstand
7605,66224,wasp
7607,66226,watch
7608,66231,water
7614,66241,wham
7616,66243,wheat
7617,66244,whenever
7618,66245,whiff
7620,66251,whinny
7621,66252,whiny
7622,66253,whisking
7623,66254,whoever
7625,66256,whomever
7626,66261,whoopee
7630,66265,wick
7631,66266,widely
7633,66312,widget
7634,66313,widow
7640,66323,wikipedia
7643,66326,wilder
7646,66333,wildland
7649,66336,wildness
7652,66343,willing
7654,66345,willpower
7657,66352,wince
7661,66356,winking
7662,66361,winner
7663,66362,winnings
7671,66414,wise
7675,66422,wistful
7681,66432,wolf
7691,66446,wool
7692,66451,woozy
7695,66454,worried
7698,66461,worry
7702,66465,wound
7704,66511,wow
7711,66522,wrench
7712,66523,wriggle
7713,66524,wriggly
7721,66536,wrongful
7723,66542,wrongness
7724,66543,wrought
7734,66561,yearbook
7737,66564,yearning
7739,66566,yelling
7740,66611,yelp
7743,66614,yiddish
7752,66631,yoyo
7753,66632,yummy
7754,66633,zap
7760,66643,zestfully
7768,66655,zodiac
7775,66666,zoom
